[
  {
    "id": "2a7fbb1c-c753-4a78-9086-e4d130d80d57",
    "data": [
      {
        "text": "Tell me how to add in binary",
        "userDefined": false
      }
    ],
    "isTemplate": false,
    "count": 0,
    "updated": 1544679609
  },
  {
    "id": "d3f5eca3-8198-4c03-ac87-9318b54f1a8d",
    "data": [
      {
        "text": "Tell me about addition",
        "userDefined": false
      }
    ],
    "isTemplate": false,
    "count": 0,
    "updated": 1544679609
  },
  {
    "id": "dee4ddb1-c22c-4c1c-b17e-bb02e3381ef8",
    "data": [
      {
        "text": "Binary addition",
        "userDefined": false
      }
    ],
    "isTemplate": false,
    "count": 0,
    "updated": 1544679609
  },
  {
    "id": "0d328196-7cb4-4d13-adac-c39f18d61dbe",
    "data": [
      {
        "text": "How to add in binary",
        "userDefined": false
      }
    ],
    "isTemplate": false,
    "count": 0,
    "updated": 1544679609
  },
  {
    "id": "4bcf91bf-c919-444f-8288-b187e82370cd",
    "data": [
      {
        "text": "Adding in binary",
        "userDefined": false
      }
    ],
    "isTemplate": false,
    "count": 0,
    "updated": 1544679609
  },
  {
    "id": "a1771c0f-f7b5-4062-8529-1d6704c3ba05",
    "data": [
      {
        "text": "How do I add in binary",
        "userDefined": false
      }
    ],
    "isTemplate": false,
    "count": 0,
    "updated": 1544679609
  },
  {
    "id": "4a227925-9348-4759-97ca-fc53efe195d7",
    "data": [
      {
        "text": "Addition in binary",
        "userDefined": false
      }
    ],
    "isTemplate": false,
    "count": 0,
    "updated": 1544679609
  },
  {
    "id": "fba70a4f-e6fd-4f0f-b479-788a98526b64",
    "data": [
      {
        "text": "Teach me addition",
        "userDefined": false
      }
    ],
    "isTemplate": false,
    "count": 0,
    "updated": 1544679609
  },
  {
    "id": "ef3ab999-15bc-4132-9ca7-e83cc5110dae",
    "data": [
      {
        "text": "I want to learn addition",
        "userDefined": false
      }
    ],
    "isTemplate": false,
    "count": 0,
    "updated": 1544679609
  },
  {
    "id": "d0b4bd30-f352-442c-bbdb-4ac18be79c0e",
    "data": [
      {
        "text": "Addition",
        "userDefined": false
      }
    ],
    "isTemplate": false,
    "count": 0,
    "updated": 1544679609
  }
]