[
  {
    "id": "a60c3a4d-0563-40a1-a1cf-f9cbfca422ff",
    "data": [
      {
        "text": "add again",
        "userDefined": false
      }
    ],
    "isTemplate": false,
    "count": 0,
    "updated": 1544930807
  },
  {
    "id": "35f4301c-112d-46ec-87fc-d358bda5682f",
    "data": [
      {
        "text": "Are there more examples of addition?",
        "userDefined": false
      }
    ],
    "isTemplate": false,
    "count": 0,
    "updated": 1544930628
  },
  {
    "id": "4537beb7-bbb9-4be1-a765-72ddc322f35b",
    "data": [
      {
        "text": "Can you add two numbers in binary again?",
        "userDefined": false
      }
    ],
    "isTemplate": false,
    "count": 0,
    "updated": 1544930628
  },
  {
    "id": "dd665d94-9cb9-481b-98d5-500f60c4c7c7",
    "data": [
      {
        "text": "Is there another addition example?",
        "userDefined": false
      }
    ],
    "isTemplate": false,
    "count": 0,
    "updated": 1544930628
  },
  {
    "id": "afaa03d7-b74b-4a24-bd71-807d44865576",
    "data": [
      {
        "text": "Can we add again?",
        "userDefined": false
      }
    ],
    "isTemplate": false,
    "count": 0,
    "updated": 1544930628
  }
]