[
  {
    "id": "06524551-bbc7-418e-b4d3-c09dd66ea3cd",
    "data": [
      {
        "text": "Another example of count would be good",
        "userDefined": false
      }
    ],
    "isTemplate": false,
    "count": 0,
    "updated": 1544909459
  },
  {
    "id": "e75f821b-9a99-44e9-9841-ad337c10e0f7",
    "data": [
      {
        "text": "Could another count happen?",
        "userDefined": false
      }
    ],
    "isTemplate": false,
    "count": 0,
    "updated": 1544909459
  },
  {
    "id": "020cdaaf-e1f4-4c08-81dc-b9879b43c46d",
    "data": [
      {
        "text": "How about more examples of counting?",
        "userDefined": false
      }
    ],
    "isTemplate": false,
    "count": 0,
    "updated": 1544909459
  },
  {
    "id": "58954f97-39a7-4f35-b040-9efff673b1ae",
    "data": [
      {
        "text": "Could we do another counting please?",
        "userDefined": false
      }
    ],
    "isTemplate": false,
    "count": 0,
    "updated": 1544909459
  }
]