[
  {
    "id": "2176b685-73e5-4f97-96e8-91795a34048b",
    "data": [
      {
        "text": "I want to practice counting",
        "userDefined": false
      }
    ],
    "isTemplate": false,
    "count": 0,
    "updated": 1545077584
  },
  {
    "id": "96985565-9a14-44a6-997d-2bd1956469be",
    "data": [
      {
        "text": "I want to practice",
        "userDefined": false
      }
    ],
    "isTemplate": false,
    "count": 0,
    "updated": 1545077584
  },
  {
    "id": "b40e2153-57bb-4155-a41f-54407630963f",
    "data": [
      {
        "text": "Can you quiz me on counting?",
        "userDefined": false
      }
    ],
    "isTemplate": false,
    "count": 0,
    "updated": 1545077584
  },
  {
    "id": "b363c473-b733-4ec7-bf06-c90da8541b9b",
    "data": [
      {
        "text": "Can you quiz me?",
        "userDefined": false
      }
    ],
    "isTemplate": false,
    "count": 0,
    "updated": 1545077584
  },
  {
    "id": "f06b123c-c0b2-46cd-9917-0aeffd5718c7",
    "data": [
      {
        "text": "Test me on counting",
        "userDefined": false
      }
    ],
    "isTemplate": false,
    "count": 0,
    "updated": 1545077584
  },
  {
    "id": "0d938e84-b786-4f4a-8eb1-f11875a95802",
    "data": [
      {
        "text": "Test me",
        "userDefined": false
      }
    ],
    "isTemplate": false,
    "count": 0,
    "updated": 1545077584
  },
  {
    "id": "add47ae3-3c81-4b40-8b7d-682dc981eb32",
    "data": [
      {
        "text": "Give me practice questions",
        "userDefined": false
      }
    ],
    "isTemplate": false,
    "count": 0,
    "updated": 1545077584
  },
  {
    "id": "37e133af-22cc-46c1-a568-2e5645be833a",
    "data": [
      {
        "text": "Give me a counting quiz",
        "userDefined": false
      }
    ],
    "isTemplate": false,
    "count": 0,
    "updated": 1545077584
  },
  {
    "id": "5a150c9a-3c65-4993-b88e-760276ce46f1",
    "data": [
      {
        "text": "Give me a quiz",
        "userDefined": false
      }
    ],
    "isTemplate": false,
    "count": 0,
    "updated": 1545077584
  },
  {
    "id": "6e6633cf-6c62-4cc2-bd9a-bea6f08098e0",
    "data": [
      {
        "text": "I want to be quizzed",
        "userDefined": false
      }
    ],
    "isTemplate": false,
    "count": 0,
    "updated": 1545077584
  },
  {
    "id": "6a9ff17c-ac35-4130-8e96-3508a7030d08",
    "data": [
      {
        "text": "Quiz me on counting",
        "userDefined": false
      }
    ],
    "isTemplate": false,
    "count": 0,
    "updated": 1545077584
  },
  {
    "id": "36f40192-183c-4bc8-8d0b-87ddd9cb6d91",
    "data": [
      {
        "text": "Quiz me",
        "userDefined": false
      }
    ],
    "isTemplate": false,
    "count": 0,
    "updated": 1545077584
  }
]