[
  {
    "id": "724956bd-5bb8-4d67-a8e9-47b2cdce9854",
    "data": [
      {
        "text": "1111",
        "alias": "number",
        "meta": "@sys.number",
        "userDefined": false
      }
    ],
    "isTemplate": false,
    "count": 0,
    "updated": 1545079293
  },
  {
    "id": "18f92e3d-dec9-4b8a-82c8-00f16a08ad72",
    "data": [
      {
        "text": "I believe it is ",
        "userDefined": false
      },
      {
        "text": "101",
        "alias": "number",
        "meta": "@sys.number",
        "userDefined": false
      }
    ],
    "isTemplate": false,
    "count": 0,
    "updated": 1545079293
  },
  {
    "id": "7276e109-5578-49ee-95d0-ec891a816afb",
    "data": [
      {
        "text": "Is ",
        "userDefined": false
      },
      {
        "text": "111011",
        "alias": "number",
        "meta": "@sys.number",
        "userDefined": false
      },
      {
        "text": " the asnwer?",
        "userDefined": false
      }
    ],
    "isTemplate": false,
    "count": 0,
    "updated": 1545079293
  },
  {
    "id": "68d8e11a-6c58-4c1a-a8af-265b796dad9b",
    "data": [
      {
        "text": "I\u0027ll guess ",
        "userDefined": false
      },
      {
        "text": "100",
        "alias": "number",
        "meta": "@sys.number",
        "userDefined": false
      }
    ],
    "isTemplate": false,
    "count": 0,
    "updated": 1545079293
  },
  {
    "id": "1b888bad-7ba7-489e-8654-7bd6ff92b3e1",
    "data": [
      {
        "text": "Is it ",
        "userDefined": false
      },
      {
        "text": "1101",
        "alias": "number",
        "meta": "@sys.number",
        "userDefined": false
      },
      {
        "text": "?",
        "userDefined": false
      }
    ],
    "isTemplate": false,
    "count": 1,
    "updated": 1545079293
  }
]