[
  {
    "id": "f9c5f5c3-9654-4478-9278-f4ce5073e2c7",
    "data": [
      {
        "text": "Teach me binary",
        "userDefined": false
      }
    ],
    "isTemplate": false,
    "count": 0,
    "updated": 1544718543
  },
  {
    "id": "e3ef68a8-3033-4e9a-be55-9f5c56257cb1",
    "data": [
      {
        "text": "Teach me please",
        "userDefined": false
      }
    ],
    "isTemplate": false,
    "count": 0,
    "updated": 1544718297
  },
  {
    "id": "de05ea6b-202a-4f9d-8025-83524d2096d7",
    "data": [
      {
        "text": "Teach me",
        "userDefined": false
      }
    ],
    "isTemplate": false,
    "count": 0,
    "updated": 1544718297
  },
  {
    "id": "da46dddc-0033-4654-9e9d-e952c751dac5",
    "data": [
      {
        "text": "Teach me counting",
        "userDefined": false
      }
    ],
    "isTemplate": false,
    "count": 0,
    "updated": 1544679414
  },
  {
    "id": "d521c44f-d256-454b-ab14-c154ccced05e",
    "data": [
      {
        "text": "I want to count in binary",
        "userDefined": false
      }
    ],
    "isTemplate": false,
    "count": 0,
    "updated": 1544679414
  },
  {
    "id": "c4f58318-6f83-4bd3-a241-ed5b2e8f4298",
    "data": [
      {
        "text": "Tell me how to count in binary",
        "userDefined": false
      }
    ],
    "isTemplate": false,
    "count": 0,
    "updated": 1544679414
  },
  {
    "id": "2799a978-25d0-4690-ae42-d1e8642dfc48",
    "data": [
      {
        "text": "Tell me about counting in binary",
        "userDefined": false
      }
    ],
    "isTemplate": false,
    "count": 0,
    "updated": 1544679414
  },
  {
    "id": "6b6f9e16-5189-4b78-9e1b-c9b8a2140e66",
    "data": [
      {
        "text": "How do I count in binary?",
        "userDefined": false
      }
    ],
    "isTemplate": false,
    "count": 0,
    "updated": 1544679414
  },
  {
    "id": "65d97384-48b3-4159-8444-de26b13a85ea",
    "data": [
      {
        "text": "How do I count?",
        "userDefined": false
      }
    ],
    "isTemplate": false,
    "count": 0,
    "updated": 1544679414
  },
  {
    "id": "b9560b90-ffcd-468f-80de-c0c6050c2806",
    "data": [
      {
        "text": "Teach me about counting",
        "userDefined": false
      }
    ],
    "isTemplate": false,
    "count": 0,
    "updated": 1544679414
  },
  {
    "id": "d52eda1e-1911-466d-9853-af315750e6f8",
    "data": [
      {
        "text": "I want to learn about counting",
        "userDefined": false
      }
    ],
    "isTemplate": false,
    "count": 0,
    "updated": 1544679414
  },
  {
    "id": "6c2bed12-3f05-416d-a88d-1dbef1e41f21",
    "data": [
      {
        "text": "Counting in binary",
        "userDefined": false
      }
    ],
    "isTemplate": false,
    "count": 0,
    "updated": 1544679414
  },
  {
    "id": "9e120e15-6433-4022-8250-d31c63bae263",
    "data": [
      {
        "text": "Binary counting",
        "userDefined": false
      }
    ],
    "isTemplate": false,
    "count": 0,
    "updated": 1544679414
  },
  {
    "id": "7f4b51bd-8e4b-423f-a58a-248f3b2953a8",
    "data": [
      {
        "text": "Counting",
        "userDefined": false
      }
    ],
    "isTemplate": false,
    "count": 0,
    "updated": 1544679414
  }
]