[
  {
    "id": "4b2c8b62-968b-4599-8e67-76f1e6b74462",
    "data": [
      {
        "text": "don\u0027t",
        "userDefined": false
      }
    ],
    "isTemplate": false,
    "count": 0,
    "updated": 1531859391
  },
  {
    "id": "7fb9b673-fadd-4310-b955-732a49b93c6d",
    "data": [
      {
        "text": "nope not really",
        "userDefined": false
      }
    ],
    "isTemplate": false,
    "count": 0,
    "updated": 1531859391
  },
  {
    "id": "95dc8b5b-57a6-427d-99b6-3d439ef95180",
    "data": [
      {
        "text": "no that\u0027s be all",
        "userDefined": false
      }
    ],
    "isTemplate": false,
    "count": 0,
    "updated": 1531859391
  },
  {
    "id": "67efa57a-2170-444b-a092-f19a60a55b2d",
    "data": [
      {
        "text": "not right now",
        "userDefined": false
      }
    ],
    "isTemplate": false,
    "count": 0,
    "updated": 1531859391
  },
  {
    "id": "b9c33b86-c1fe-4655-b882-63119d9e3856",
    "data": [
      {
        "text": "thanks but no",
        "userDefined": false
      }
    ],
    "isTemplate": false,
    "count": 0,
    "updated": 1531859391
  },
  {
    "id": "c3807b91-9fb7-498f-92b2-15a9d854eece",
    "data": [
      {
        "text": "not",
        "userDefined": false
      }
    ],
    "isTemplate": false,
    "count": 0,
    "updated": 1531859391
  },
  {
    "id": "6bc55be9-e6d3-40c0-a368-5eed361ed939",
    "data": [
      {
        "text": "no we are good",
        "userDefined": false
      }
    ],
    "isTemplate": false,
    "count": 0,
    "updated": 1531859391
  },
  {
    "id": "f19a068e-7db5-4184-ac9c-b96652c15c7b",
    "data": [
      {
        "text": "nothing else",
        "userDefined": false
      }
    ],
    "isTemplate": false,
    "count": 1,
    "updated": 1531859391
  },
  {
    "id": "576f2f12-68ed-4304-a7cb-1de36be0970d",
    "data": [
      {
        "text": "not interested",
        "userDefined": false
      }
    ],
    "isTemplate": false,
    "count": 0,
    "updated": 1531859391
  },
  {
    "id": "c0b0f1b9-aba9-4bcb-893a-9b3a220194ad",
    "data": [
      {
        "text": "nah I\u0027m good",
        "userDefined": false
      }
    ],
    "isTemplate": false,
    "count": 1,
    "updated": 1531859391
  },
  {
    "id": "f0983f85-93b1-46d7-989a-4cd1af91f21a",
    "data": [
      {
        "text": "definitely not",
        "userDefined": false
      }
    ],
    "isTemplate": false,
    "count": 3,
    "updated": 1531859391
  },
  {
    "id": "54d38b69-e0a4-4654-bee4-142bbabef0c0",
    "data": [
      {
        "text": "no never",
        "userDefined": false
      }
    ],
    "isTemplate": false,
    "count": 0,
    "updated": 1531859391
  },
  {
    "id": "ca8fd874-9820-432b-b4ab-8a0de9e1debe",
    "data": [
      {
        "text": "never",
        "userDefined": false
      }
    ],
    "isTemplate": false,
    "count": 0,
    "updated": 1531859391
  },
  {
    "id": "6ff6b371-d9d7-4660-8338-758aa270c673",
    "data": [
      {
        "text": "nah",
        "userDefined": false
      }
    ],
    "isTemplate": false,
    "count": 2,
    "updated": 1531859391
  },
  {
    "id": "46162dbc-09e0-4bfb-aa69-bf11acf943e1",
    "data": [
      {
        "text": "nothing",
        "userDefined": false
      }
    ],
    "isTemplate": false,
    "count": 0,
    "updated": 1531859391
  },
  {
    "id": "7da861cb-f9bf-4e9a-987a-5245e2246a0c",
    "data": [
      {
        "text": "no maybe next time",
        "userDefined": false
      }
    ],
    "isTemplate": false,
    "count": 0,
    "updated": 1531859391
  },
  {
    "id": "a49625ef-764a-44c2-b4bb-ab815cb7bde7",
    "data": [
      {
        "text": "I don\u0027t want that",
        "userDefined": false
      }
    ],
    "isTemplate": false,
    "count": 0,
    "updated": 1531859391
  },
  {
    "id": "8ad71608-6cea-47ac-ac90-fa20b3c1782c",
    "data": [
      {
        "text": "no not really",
        "userDefined": false
      }
    ],
    "isTemplate": false,
    "count": 0,
    "updated": 1531859391
  },
  {
    "id": "29488977-9e7b-4a2f-a78f-c3ea8f47018f",
    "data": [
      {
        "text": "no that\u0027s ok",
        "userDefined": false
      }
    ],
    "isTemplate": false,
    "count": 1,
    "updated": 1531859391
  },
  {
    "id": "e1ff0d02-0a0e-481d-b35e-767b3f01cff3",
    "data": [
      {
        "text": "no no don\u0027t",
        "userDefined": false
      }
    ],
    "isTemplate": false,
    "count": 0,
    "updated": 1531859391
  },
  {
    "id": "10d8cd22-bb0e-4e1e-b65e-cd817ac16e32",
    "data": [
      {
        "text": "na",
        "userDefined": false
      }
    ],
    "isTemplate": false,
    "count": 0,
    "updated": 1531859391
  },
  {
    "id": "07998c36-380f-40d3-8512-1ae302eb74ca",
    "data": [
      {
        "text": "no way no",
        "userDefined": false
      }
    ],
    "isTemplate": false,
    "count": 0,
    "updated": 1531859391
  },
  {
    "id": "484d6043-b36f-411e-b63b-0941bcaeb307",
    "data": [
      {
        "text": "I can\u0027t",
        "userDefined": false
      }
    ],
    "isTemplate": false,
    "count": 0,
    "updated": 1531859391
  },
  {
    "id": "8028bd74-2ff6-4ed9-86f4-8bd9c2fea998",
    "data": [
      {
        "text": "no thanks",
        "userDefined": false
      }
    ],
    "isTemplate": false,
    "count": 0,
    "updated": 1531859391
  },
  {
    "id": "09da801b-2c1e-482d-9e34-9782621d40ac",
    "data": [
      {
        "text": "not at all",
        "userDefined": false
      }
    ],
    "isTemplate": false,
    "count": 0,
    "updated": 1531859391
  },
  {
    "id": "68f59b8d-4cb3-47b0-ab02-8b6497c9d686",
    "data": [
      {
        "text": "not really",
        "userDefined": false
      }
    ],
    "isTemplate": false,
    "count": 0,
    "updated": 1531859391
  },
  {
    "id": "437036b0-2baf-4fef-a62f-c441e24f3695",
    "data": [
      {
        "text": "I don\u0027t",
        "userDefined": false
      }
    ],
    "isTemplate": false,
    "count": 0,
    "updated": 1531859391
  },
  {
    "id": "76137ddf-2f6f-4b67-9d9e-a525abb70929",
    "data": [
      {
        "text": "no I cannot",
        "userDefined": false
      }
    ],
    "isTemplate": false,
    "count": 1,
    "updated": 1531859391
  },
  {
    "id": "cde5334d-3ee9-46d2-b4dc-d229f5f358c4",
    "data": [
      {
        "text": "no that\u0027s okay",
        "userDefined": false
      }
    ],
    "isTemplate": false,
    "count": 0,
    "updated": 1531859391
  },
  {
    "id": "313979a2-ab1b-47f7-a645-27c08f852790",
    "data": [
      {
        "text": "nope",
        "userDefined": false
      }
    ],
    "isTemplate": false,
    "count": 1,
    "updated": 1531859391
  },
  {
    "id": "81ae0b13-e607-47a9-af0a-922078ef7f1e",
    "data": [
      {
        "text": "I don\u0027t think so",
        "userDefined": false
      }
    ],
    "isTemplate": false,
    "count": 1,
    "updated": 1531859391
  },
  {
    "id": "8753fd04-ae3a-45bb-8d80-1d57d3b2c30f",
    "data": [
      {
        "text": "no it isn\u0027t",
        "userDefined": false
      }
    ],
    "isTemplate": false,
    "count": 1,
    "updated": 1531859391
  },
  {
    "id": "be78da69-083f-42a9-a32b-5bd3a9a459fc",
    "data": [
      {
        "text": "thanks but not this time",
        "userDefined": false
      }
    ],
    "isTemplate": false,
    "count": 1,
    "updated": 1531859391
  },
  {
    "id": "2f1dcd8b-ae69-4173-b1d7-bea853770dd6",
    "data": [
      {
        "text": "no that\u0027s fine thank you",
        "userDefined": false
      }
    ],
    "isTemplate": false,
    "count": 0,
    "updated": 1531859391
  },
  {
    "id": "6103e68f-92aa-4b06-8511-950fe5db6cc1",
    "data": [
      {
        "text": "no don\u0027t",
        "userDefined": false
      }
    ],
    "isTemplate": false,
    "count": 0,
    "updated": 1531859391
  },
  {
    "id": "d63a7591-78cc-4882-bbe4-57de4e26f8df",
    "data": [
      {
        "text": "don\u0027t do it",
        "userDefined": false
      }
    ],
    "isTemplate": false,
    "count": 3,
    "updated": 1531859391
  },
  {
    "id": "ad33a6c0-a45a-42e0-b27c-b0f18286aa95",
    "data": [
      {
        "text": "I don\u0027t want",
        "userDefined": false
      }
    ],
    "isTemplate": false,
    "count": 0,
    "updated": 1531859391
  },
  {
    "id": "fb9f9faa-a0a3-4e59-9018-78731e28ae3f",
    "data": [
      {
        "text": "not ",
        "userDefined": false
      },
      {
        "text": "today",
        "meta": "@sys.ignore",
        "userDefined": false
      }
    ],
    "isTemplate": false,
    "count": 0,
    "updated": 1531859391
  },
  {
    "id": "dc32d0b3-86aa-4031-8806-a93da7571be9",
    "data": [
      {
        "text": "I\u0027m not",
        "userDefined": false
      }
    ],
    "isTemplate": false,
    "count": 3,
    "updated": 1531859391
  },
  {
    "id": "06a6418f-b89d-4841-ab98-a66fef2de1f1",
    "data": [
      {
        "text": "no way",
        "userDefined": false
      }
    ],
    "isTemplate": false,
    "count": 0,
    "updated": 1531859391
  },
  {
    "id": "22eecefe-f299-41fc-aa2d-b12c1b054632",
    "data": [
      {
        "text": "no",
        "userDefined": false
      }
    ],
    "isTemplate": false,
    "count": 2,
    "updated": 1531859391
  },
  {
    "id": "41469bd8-2f1c-4526-bc2c-6d3e0fe30c11",
    "data": [
      {
        "text": "I disagree",
        "userDefined": false
      }
    ],
    "isTemplate": false,
    "count": 2,
    "updated": 1531859391
  },
  {
    "id": "cfa98ef1-022e-4123-a45c-3dd897b1cb12",
    "data": [
      {
        "text": "not this time",
        "userDefined": false
      }
    ],
    "isTemplate": false,
    "count": 0,
    "updated": 1531859391
  },
  {
    "id": "e438420d-2a4e-4767-8dfb-348bb8a529f3",
    "data": [
      {
        "text": "nothing else thanks",
        "userDefined": false
      }
    ],
    "isTemplate": false,
    "count": 0,
    "updated": 1531859391
  }
]