[
  {
    "id": "5fbf65e4-d713-4798-bd7b-08b7daba9270",
    "data": [
      {
        "text": "What\u0027s that?",
        "userDefined": false
      }
    ],
    "isTemplate": false,
    "count": 0,
    "updated": 1544916789
  },
  {
    "id": "f73f9de6-8b06-4d08-a4aa-452eace4ad01",
    "data": [
      {
        "text": "I don\u0027t know carrying",
        "userDefined": false
      }
    ],
    "isTemplate": false,
    "count": 0,
    "updated": 1544916789
  },
  {
    "id": "0bf1610b-aea0-4351-9a44-f4f059154ef7",
    "data": [
      {
        "text": "Nah",
        "userDefined": false
      }
    ],
    "isTemplate": false,
    "count": 0,
    "updated": 1544916789
  },
  {
    "id": "b0bb5ed8-c9bc-4454-8838-f9b56528adea",
    "data": [
      {
        "text": "Nuh-uh",
        "userDefined": false
      }
    ],
    "isTemplate": false,
    "count": 0,
    "updated": 1544916789
  },
  {
    "id": "3952f012-6252-49ee-ad8c-00768b984f03",
    "data": [
      {
        "text": "What is carrying?",
        "userDefined": false
      }
    ],
    "isTemplate": false,
    "count": 0,
    "updated": 1544916789
  },
  {
    "id": "2eca282c-b23a-455c-a5db-f99f34700d66",
    "data": [
      {
        "text": "I don\u0027t know",
        "userDefined": false
      }
    ],
    "isTemplate": false,
    "count": 0,
    "updated": 1544916789
  },
  {
    "id": "a70bc190-7635-4145-8336-53e6344cca45",
    "data": [
      {
        "text": "Nope",
        "userDefined": false
      }
    ],
    "isTemplate": false,
    "count": 0,
    "updated": 1544916789
  },
  {
    "id": "86164212-7bf2-430f-b473-b59599ebc839",
    "data": [
      {
        "text": "No",
        "userDefined": false
      }
    ],
    "isTemplate": false,
    "count": 0,
    "updated": 1544916789
  }
]