[
  {
    "id": "40081417-5183-46e6-97da-356216176bdd",
    "data": [
      {
        "text": "examples please",
        "userDefined": false
      }
    ],
    "isTemplate": false,
    "count": 0,
    "updated": 1544914430
  },
  {
    "id": "814b3918-67e7-4539-950b-d372060293b2",
    "data": [
      {
        "text": "I don\u0027t understand",
        "userDefined": false
      }
    ],
    "isTemplate": false,
    "count": 0,
    "updated": 1544914430
  },
  {
    "id": "fb9dc88f-13a2-44ee-ab73-6e0dbe88d0f3",
    "data": [
      {
        "text": "I don\u0027t get it",
        "userDefined": false
      }
    ],
    "isTemplate": false,
    "count": 0,
    "updated": 1544914430
  },
  {
    "id": "10570710-c39b-4404-a552-60befc3fcb1c",
    "data": [
      {
        "text": "I want examples",
        "userDefined": false
      }
    ],
    "isTemplate": false,
    "count": 0,
    "updated": 1544914430
  },
  {
    "id": "92c72d57-e5fa-48b8-a4a3-3f5589c56895",
    "data": [
      {
        "text": "let\u0027s do some examples",
        "userDefined": false
      }
    ],
    "isTemplate": false,
    "count": 0,
    "updated": 1544914430
  },
  {
    "id": "56d79e7b-b5ab-4384-953d-a24e93602503",
    "data": [
      {
        "text": "I need examples",
        "userDefined": false
      }
    ],
    "isTemplate": false,
    "count": 0,
    "updated": 1544914430
  },
  {
    "id": "bb296089-f915-4291-9993-41e59492647b",
    "data": [
      {
        "text": "give me examples",
        "userDefined": false
      }
    ],
    "isTemplate": false,
    "count": 0,
    "updated": 1544914430
  },
  {
    "id": "8ac38f01-e7d5-4080-87b8-7a96e0452f13",
    "data": [
      {
        "text": "nah",
        "userDefined": false
      }
    ],
    "isTemplate": false,
    "count": 0,
    "updated": 1544914430
  },
  {
    "id": "7297560b-ae04-4e3f-a4f9-0f1c147eeae3",
    "data": [
      {
        "text": "examples",
        "userDefined": false
      }
    ],
    "isTemplate": false,
    "count": 0,
    "updated": 1544914430
  },
  {
    "id": "42e261d8-318d-4815-b3fe-8e95990a8fcc",
    "data": [
      {
        "text": "nope",
        "userDefined": false
      }
    ],
    "isTemplate": false,
    "count": 1,
    "updated": 1544914430
  },
  {
    "id": "25cfc46a-d105-4f2a-9c65-4a0fd765666f",
    "data": [
      {
        "text": "no",
        "userDefined": false
      }
    ],
    "isTemplate": false,
    "count": 0,
    "updated": 1544914430
  }
]