[
  {
    "id": "b08c7b62-34e0-4f1e-975a-7ba061c510f8",
    "data": [
      {
        "text": "I need examples",
        "userDefined": false
      }
    ],
    "isTemplate": false,
    "count": 0,
    "updated": 1544914174
  },
  {
    "id": "b17f0f3f-3f99-42b2-8d59-982c1ec1e908",
    "data": [
      {
        "text": "give me examples",
        "userDefined": false
      }
    ],
    "isTemplate": false,
    "count": 0,
    "updated": 1544914174
  },
  {
    "id": "8267e2c2-e2ea-4143-97e4-9e641643b8fd",
    "data": [
      {
        "text": "I want some examples",
        "userDefined": false
      }
    ],
    "isTemplate": false,
    "count": 0,
    "updated": 1544914174
  },
  {
    "id": "d8a9a635-2454-4882-b0d5-91f2f4d45794",
    "data": [
      {
        "text": "show me some examples",
        "userDefined": false
      }
    ],
    "isTemplate": false,
    "count": 0,
    "updated": 1544914174
  },
  {
    "id": "a0d7f0be-e13c-4a8d-9636-c2902c65ae7e",
    "data": [
      {
        "text": "examples please",
        "userDefined": false
      }
    ],
    "isTemplate": false,
    "count": 0,
    "updated": 1544914174
  },
  {
    "id": "485fac34-f90e-48c6-a004-3489dd018f35",
    "data": [
      {
        "text": "examples",
        "userDefined": false
      }
    ],
    "isTemplate": false,
    "count": 0,
    "updated": 1544914174
  },
  {
    "id": "4c16c3b3-9744-4002-9597-5f231f4bda67",
    "data": [
      {
        "text": "don\u0027t",
        "userDefined": false
      }
    ],
    "isTemplate": false,
    "count": 0,
    "updated": 1544914174
  },
  {
    "id": "d56d5e94-64ef-4400-b08e-d674126299ce",
    "data": [
      {
        "text": "nope not really",
        "userDefined": false
      }
    ],
    "isTemplate": false,
    "count": 0,
    "updated": 1544914174
  },
  {
    "id": "589a75ca-0313-48c9-a0e7-8c6240b0c9f0",
    "data": [
      {
        "text": "no that\u0027s be all",
        "userDefined": false
      }
    ],
    "isTemplate": false,
    "count": 0,
    "updated": 1544914174
  },
  {
    "id": "0f86b7df-1675-40ca-999b-751595dcd6c6",
    "data": [
      {
        "text": "not right now",
        "userDefined": false
      }
    ],
    "isTemplate": false,
    "count": 0,
    "updated": 1544914174
  },
  {
    "id": "7d34de38-67cd-4288-bd09-426c4b0c3652",
    "data": [
      {
        "text": "thanks but no",
        "userDefined": false
      }
    ],
    "isTemplate": false,
    "count": 0,
    "updated": 1544914174
  },
  {
    "id": "77add2d4-467c-4774-a6ab-2fdf6c0c771e",
    "data": [
      {
        "text": "not",
        "userDefined": false
      }
    ],
    "isTemplate": false,
    "count": 0,
    "updated": 1544914174
  },
  {
    "id": "6081ca0b-f6c0-4f7b-acfb-7f19c59202e0",
    "data": [
      {
        "text": "no we are good",
        "userDefined": false
      }
    ],
    "isTemplate": false,
    "count": 0,
    "updated": 1544914174
  },
  {
    "id": "e64c14e2-bbd9-4f73-917f-5c77bc088e59",
    "data": [
      {
        "text": "nothing else",
        "userDefined": false
      }
    ],
    "isTemplate": false,
    "count": 1,
    "updated": 1544914174
  },
  {
    "id": "5147a735-1012-4692-aeef-7cfaed296ec9",
    "data": [
      {
        "text": "not interested",
        "userDefined": false
      }
    ],
    "isTemplate": false,
    "count": 0,
    "updated": 1544914174
  },
  {
    "id": "71883b53-99c0-4fb7-8d5e-75bc8757c7cf",
    "data": [
      {
        "text": "nah I\u0027m good",
        "userDefined": false
      }
    ],
    "isTemplate": false,
    "count": 1,
    "updated": 1544717195
  },
  {
    "id": "045a50e5-4b0d-4eb9-a871-5140b799f207",
    "data": [
      {
        "text": "definitely not",
        "userDefined": false
      }
    ],
    "isTemplate": false,
    "count": 3,
    "updated": 1544717195
  },
  {
    "id": "b5cdce04-53e8-4e38-b1cf-eec70f99dd4d",
    "data": [
      {
        "text": "no never",
        "userDefined": false
      }
    ],
    "isTemplate": false,
    "count": 0,
    "updated": 1544717195
  },
  {
    "id": "3827961b-285e-44cd-a2c1-263ae390a6d1",
    "data": [
      {
        "text": "never",
        "userDefined": false
      }
    ],
    "isTemplate": false,
    "count": 0,
    "updated": 1544717195
  },
  {
    "id": "1144edfe-306e-44ef-a219-9343c34def64",
    "data": [
      {
        "text": "nah",
        "userDefined": false
      }
    ],
    "isTemplate": false,
    "count": 2,
    "updated": 1544717195
  },
  {
    "id": "ce6d5993-37f2-4269-af0c-38ce5b0062df",
    "data": [
      {
        "text": "nothing",
        "userDefined": false
      }
    ],
    "isTemplate": false,
    "count": 0,
    "updated": 1544717195
  },
  {
    "id": "05713106-47ae-46e3-830e-f0ec6bcd93ae",
    "data": [
      {
        "text": "no maybe next time",
        "userDefined": false
      }
    ],
    "isTemplate": false,
    "count": 0,
    "updated": 1544717195
  },
  {
    "id": "5f53fe19-34a6-406d-9d72-74b7a2a1d0e3",
    "data": [
      {
        "text": "I don\u0027t want that",
        "userDefined": false
      }
    ],
    "isTemplate": false,
    "count": 0,
    "updated": 1544717195
  },
  {
    "id": "be1715fb-ef39-477a-ad56-21f55e46b905",
    "data": [
      {
        "text": "no not really",
        "userDefined": false
      }
    ],
    "isTemplate": false,
    "count": 0,
    "updated": 1544717195
  },
  {
    "id": "c38cedc9-af6f-4f9e-ab13-f6b4043f704b",
    "data": [
      {
        "text": "no that\u0027s ok",
        "userDefined": false
      }
    ],
    "isTemplate": false,
    "count": 1,
    "updated": 1544717195
  },
  {
    "id": "6dcc79f9-5e9d-4678-a469-3f16fe9ec141",
    "data": [
      {
        "text": "no no don\u0027t",
        "userDefined": false
      }
    ],
    "isTemplate": false,
    "count": 0,
    "updated": 1544717195
  },
  {
    "id": "c5b78f1b-14e5-4c1f-bb9d-da2b9d084330",
    "data": [
      {
        "text": "na",
        "userDefined": false
      }
    ],
    "isTemplate": false,
    "count": 0,
    "updated": 1544717195
  },
  {
    "id": "31470c48-e064-48fd-a723-c39964d2cc30",
    "data": [
      {
        "text": "no way no",
        "userDefined": false
      }
    ],
    "isTemplate": false,
    "count": 0,
    "updated": 1544717195
  },
  {
    "id": "de340102-0647-4f51-88e9-bbdbe13fec46",
    "data": [
      {
        "text": "I can\u0027t",
        "userDefined": false
      }
    ],
    "isTemplate": false,
    "count": 0,
    "updated": 1544717195
  },
  {
    "id": "f18d8beb-926b-447d-8cb8-b1fc404a303b",
    "data": [
      {
        "text": "no thanks",
        "userDefined": false
      }
    ],
    "isTemplate": false,
    "count": 0,
    "updated": 1544717195
  },
  {
    "id": "e4d49a37-2966-4ced-b0fd-60ebeecac347",
    "data": [
      {
        "text": "not at all",
        "userDefined": false
      }
    ],
    "isTemplate": false,
    "count": 0,
    "updated": 1544717195
  },
  {
    "id": "91c845d7-eac4-49d8-88e6-fa82af702a5b",
    "data": [
      {
        "text": "not really",
        "userDefined": false
      }
    ],
    "isTemplate": false,
    "count": 0,
    "updated": 1544717195
  },
  {
    "id": "02847308-2170-4287-bd4f-da2a788e2184",
    "data": [
      {
        "text": "I don\u0027t",
        "userDefined": false
      }
    ],
    "isTemplate": false,
    "count": 0,
    "updated": 1544717195
  },
  {
    "id": "cfa7c0f4-0978-410f-ac45-6e211e7434cf",
    "data": [
      {
        "text": "no I cannot",
        "userDefined": false
      }
    ],
    "isTemplate": false,
    "count": 1,
    "updated": 1544717195
  },
  {
    "id": "645308e6-d150-46b0-a390-7f5d271aa04d",
    "data": [
      {
        "text": "no that\u0027s okay",
        "userDefined": false
      }
    ],
    "isTemplate": false,
    "count": 0,
    "updated": 1544717195
  },
  {
    "id": "73e486a1-28b7-45e7-8e1b-093ef0c9476b",
    "data": [
      {
        "text": "nope",
        "userDefined": false
      }
    ],
    "isTemplate": false,
    "count": 1,
    "updated": 1544717195
  },
  {
    "id": "9dd1ba1f-e236-4ca2-9562-99b25534a15a",
    "data": [
      {
        "text": "I don\u0027t think so",
        "userDefined": false
      }
    ],
    "isTemplate": false,
    "count": 1,
    "updated": 1544717195
  },
  {
    "id": "682a425e-502c-4bcb-bb93-ca54294c8ef6",
    "data": [
      {
        "text": "no it isn\u0027t",
        "userDefined": false
      }
    ],
    "isTemplate": false,
    "count": 1,
    "updated": 1544717195
  },
  {
    "id": "f5669533-7d89-4ba1-8316-b0e14d2ecf81",
    "data": [
      {
        "text": "thanks but not this time",
        "userDefined": false
      }
    ],
    "isTemplate": false,
    "count": 1,
    "updated": 1544717195
  },
  {
    "id": "b8f5a03d-7de3-4ac9-b5e5-cea4818477d1",
    "data": [
      {
        "text": "no that\u0027s fine thank you",
        "userDefined": false
      }
    ],
    "isTemplate": false,
    "count": 0,
    "updated": 1544717195
  },
  {
    "id": "82528320-e106-49d8-9ffa-78819f0e7a73",
    "data": [
      {
        "text": "no don\u0027t",
        "userDefined": false
      }
    ],
    "isTemplate": false,
    "count": 0,
    "updated": 1544717195
  },
  {
    "id": "765304ba-12be-4c46-93d1-957a8088ab61",
    "data": [
      {
        "text": "don\u0027t do it",
        "userDefined": false
      }
    ],
    "isTemplate": false,
    "count": 3,
    "updated": 1544717195
  },
  {
    "id": "99b627d4-b1a6-41d3-94d6-65b1cc2a3053",
    "data": [
      {
        "text": "I don\u0027t want",
        "userDefined": false
      }
    ],
    "isTemplate": false,
    "count": 0,
    "updated": 1544717195
  },
  {
    "id": "0cad21e6-2a85-4463-9fbf-8824771c50f1",
    "data": [
      {
        "text": "not ",
        "userDefined": false
      },
      {
        "text": "today",
        "meta": "@sys.ignore",
        "userDefined": false
      }
    ],
    "isTemplate": false,
    "count": 0,
    "updated": 1544717195
  },
  {
    "id": "c49f7b13-069f-44e2-b6d5-cd9bfae407db",
    "data": [
      {
        "text": "I\u0027m not",
        "userDefined": false
      }
    ],
    "isTemplate": false,
    "count": 3,
    "updated": 1544717195
  },
  {
    "id": "b4a59840-a7b0-413c-bbf5-e282138d2008",
    "data": [
      {
        "text": "no way",
        "userDefined": false
      }
    ],
    "isTemplate": false,
    "count": 0,
    "updated": 1544717195
  },
  {
    "id": "cee5d86a-3fa3-49cf-96ff-3be272b3a86a",
    "data": [
      {
        "text": "no",
        "userDefined": false
      }
    ],
    "isTemplate": false,
    "count": 2,
    "updated": 1544717195
  },
  {
    "id": "e2b455c4-0ddc-4ff5-95e7-cc072de79f66",
    "data": [
      {
        "text": "I disagree",
        "userDefined": false
      }
    ],
    "isTemplate": false,
    "count": 2,
    "updated": 1544717195
  },
  {
    "id": "fea7f95d-48f0-45c5-9340-892dc05ecc3b",
    "data": [
      {
        "text": "not this time",
        "userDefined": false
      }
    ],
    "isTemplate": false,
    "count": 0,
    "updated": 1544717195
  },
  {
    "id": "a6786733-3b6a-41ab-8e40-dfc1f3536e56",
    "data": [
      {
        "text": "nothing else thanks",
        "userDefined": false
      }
    ],
    "isTemplate": false,
    "count": 0,
    "updated": 1544717195
  }
]