[
  {
    "id": "ee5cd764-290a-4e41-8338-65fd54f05936",
    "data": [
      {
        "text": "Teach me binary fractions",
        "userDefined": false
      }
    ],
    "isTemplate": false,
    "count": 0,
    "updated": 1544680191
  },
  {
    "id": "26332b09-b488-4006-8862-a60691a21034",
    "data": [
      {
        "text": "Tell me how to do fractions",
        "userDefined": false
      }
    ],
    "isTemplate": false,
    "count": 0,
    "updated": 1544680191
  },
  {
    "id": "e036a98d-c8f7-4fdc-ae5e-218687227161",
    "data": [
      {
        "text": "How do I do fractions in binary",
        "userDefined": false
      }
    ],
    "isTemplate": false,
    "count": 0,
    "updated": 1544680191
  },
  {
    "id": "b7a8b7a0-332a-4834-9693-c7e3f75f6d3d",
    "data": [
      {
        "text": "Tell me how to do fractions in binary",
        "userDefined": false
      }
    ],
    "isTemplate": false,
    "count": 0,
    "updated": 1544680191
  },
  {
    "id": "046f3db0-1c3d-4ff1-a72a-f61f37a1d6fa",
    "data": [
      {
        "text": "Fractions in binary",
        "userDefined": false
      }
    ],
    "isTemplate": false,
    "count": 0,
    "updated": 1544680191
  },
  {
    "id": "e6017132-63b5-4f54-9acc-c7bfa964bbe8",
    "data": [
      {
        "text": "Binary fractions",
        "userDefined": false
      }
    ],
    "isTemplate": false,
    "count": 0,
    "updated": 1544680191
  },
  {
    "id": "4e97295b-dbb0-46da-9df1-1bbd5306e074",
    "data": [
      {
        "text": "How do I do fractions",
        "userDefined": false
      }
    ],
    "isTemplate": false,
    "count": 0,
    "updated": 1544680191
  },
  {
    "id": "eec3909d-c28f-4142-b3bd-b9948fca63cf",
    "data": [
      {
        "text": "Teach me fractions",
        "userDefined": false
      }
    ],
    "isTemplate": false,
    "count": 0,
    "updated": 1544680191
  },
  {
    "id": "8e52d8dc-8688-4751-abd1-fa61890639ef",
    "data": [
      {
        "text": "Fractions",
        "userDefined": false
      }
    ],
    "isTemplate": false,
    "count": 0,
    "updated": 1544680191
  }
]