[
  {
    "id": "03b6aa48-0f94-4808-acae-240b956fb3cb",
    "data": [
      {
        "text": "Stop quizzing please",
        "userDefined": false
      }
    ],
    "isTemplate": false,
    "count": 0,
    "updated": 1544991984
  },
  {
    "id": "2ae92090-3d26-436a-a0ce-f401f3a044b4",
    "data": [
      {
        "text": "Stop quizzing",
        "userDefined": false
      }
    ],
    "isTemplate": false,
    "count": 0,
    "updated": 1544991984
  },
  {
    "id": "ef58bba1-41d6-447c-ad06-c5235902d65f",
    "data": [
      {
        "text": "Yep",
        "userDefined": false
      }
    ],
    "isTemplate": false,
    "count": 0,
    "updated": 1544915362
  },
  {
    "id": "1bbd00f7-a70f-4c9d-af00-aaa35552b4ee",
    "data": [
      {
        "text": "Yeah",
        "userDefined": false
      }
    ],
    "isTemplate": false,
    "count": 0,
    "updated": 1544915362
  },
  {
    "id": "7c50ee09-b9c8-407c-8446-1f8ad672e259",
    "data": [
      {
        "text": "I\u0027m good",
        "userDefined": false
      }
    ],
    "isTemplate": false,
    "count": 0,
    "updated": 1544915362
  },
  {
    "id": "2372bf45-269d-4565-b9e5-0c7a89af32a3",
    "data": [
      {
        "text": "Got it",
        "userDefined": false
      }
    ],
    "isTemplate": false,
    "count": 0,
    "updated": 1544915362
  },
  {
    "id": "d4bb5638-9a92-4bfb-9dee-61f36739a5f0",
    "data": [
      {
        "text": "I got it",
        "userDefined": false
      }
    ],
    "isTemplate": false,
    "count": 0,
    "updated": 1544915362
  },
  {
    "id": "a7b58219-42df-48a3-9530-94d0d94275a0",
    "data": [
      {
        "text": "I get it",
        "userDefined": false
      }
    ],
    "isTemplate": false,
    "count": 0,
    "updated": 1544915362
  },
  {
    "id": "065a31c5-cf9f-4693-919e-64b1f6438129",
    "data": [
      {
        "text": "I do",
        "userDefined": false
      }
    ],
    "isTemplate": false,
    "count": 0,
    "updated": 1544910290
  },
  {
    "id": "6f382c4c-264f-48ba-812f-93a5e8addb3f",
    "data": [
      {
        "text": "yes",
        "userDefined": false
      }
    ],
    "isTemplate": false,
    "count": 0,
    "updated": 1544910290
  },
  {
    "id": "f0252254-8004-442a-b4f5-c734008ce09c",
    "data": [
      {
        "text": "I know carrying",
        "userDefined": false
      }
    ],
    "isTemplate": false,
    "count": 0,
    "updated": 1544910290
  }
]