[
  {
    "id": "2337367f-0991-4799-8b49-d6d79c81b77b",
    "data": [
      {
        "text": "Shut up forever",
        "userDefined": false
      }
    ],
    "isTemplate": false,
    "count": 0,
    "updated": 1544916698
  },
  {
    "id": "9e8cfe63-ad30-4e50-b8b1-613b6f3818fb",
    "data": [
      {
        "text": "I\u0027d like to leave",
        "userDefined": false
      }
    ],
    "isTemplate": false,
    "count": 0,
    "updated": 1544916668
  },
  {
    "id": "37965949-fccd-43f4-b718-3b7f84489eae",
    "data": [
      {
        "text": "That\u0027s enough",
        "userDefined": false
      }
    ],
    "isTemplate": false,
    "count": 0,
    "updated": 1544916668
  },
  {
    "id": "bfe3d905-82bb-40fd-89dd-b66806dfbe87",
    "data": [
      {
        "text": "Quit conversation",
        "userDefined": false
      }
    ],
    "isTemplate": false,
    "count": 0,
    "updated": 1544916668
  },
  {
    "id": "5dd9215b-c8c6-4b93-ab09-bfc920073c60",
    "data": [
      {
        "text": "I\u0027d like to stop",
        "userDefined": false
      }
    ],
    "isTemplate": false,
    "count": 0,
    "updated": 1544916668
  },
  {
    "id": "aa629bca-07cf-42e8-a52b-9d3cd92915e5",
    "data": [
      {
        "text": "I\u0027m done for now",
        "userDefined": false
      }
    ],
    "isTemplate": false,
    "count": 0,
    "updated": 1544916668
  },
  {
    "id": "f6de19c0-33a0-4b80-a84d-bf2d440778f3",
    "data": [
      {
        "text": "I\u0027m done with binary",
        "userDefined": false
      }
    ],
    "isTemplate": false,
    "count": 0,
    "updated": 1544916668
  },
  {
    "id": "852c2188-b30e-4611-b8fc-edcc09088cbe",
    "data": [
      {
        "text": "Stop the conversation",
        "userDefined": false
      }
    ],
    "isTemplate": false,
    "count": 0,
    "updated": 1544916668
  },
  {
    "id": "b1d7d9b9-ad31-4e7b-8b0e-29c59d0ebf7f",
    "data": [
      {
        "text": "I\u0027m done talking",
        "userDefined": false
      }
    ],
    "isTemplate": false,
    "count": 0,
    "updated": 1544916668
  },
  {
    "id": "c14f3c36-7cf3-4d97-aa24-cefd1ea1825d",
    "data": [
      {
        "text": "Exit",
        "userDefined": false
      }
    ],
    "isTemplate": false,
    "count": 0,
    "updated": 1544916668
  },
  {
    "id": "0ead2da3-7285-4ec6-8b65-3b9f8785ea47",
    "data": [
      {
        "text": "Quit",
        "userDefined": false
      }
    ],
    "isTemplate": false,
    "count": 0,
    "updated": 1544916668
  },
  {
    "id": "ac8dd04c-0d9c-42c9-9f4f-aaa777344003",
    "data": [
      {
        "text": "I want to quit",
        "userDefined": false
      }
    ],
    "isTemplate": false,
    "count": 0,
    "updated": 1544916668
  },
  {
    "id": "33dacc31-fb74-479a-b886-231f36e46ede",
    "data": [
      {
        "text": "I\u0027m done",
        "userDefined": false
      }
    ],
    "isTemplate": false,
    "count": 0,
    "updated": 1544916668
  },
  {
    "id": "68a9c66e-d864-4610-9b50-7b8fd58bad9c",
    "data": [
      {
        "text": "Stop",
        "userDefined": false
      }
    ],
    "isTemplate": false,
    "count": 0,
    "updated": 1544916668
  }
]