[
  {
    "id": "f5e1df95-7c17-469a-8787-0186f4a9fa9d",
    "data": [
      {
        "text": "Subtracting",
        "userDefined": false
      }
    ],
    "isTemplate": false,
    "count": 0,
    "updated": 1544680004
  },
  {
    "id": "90d831fd-3e00-4227-a297-a48b14778076",
    "data": [
      {
        "text": "How do I subtract in binary",
        "userDefined": false
      }
    ],
    "isTemplate": false,
    "count": 0,
    "updated": 1544680004
  },
  {
    "id": "7f25e1b7-9745-4329-89a0-721973eb9c87",
    "data": [
      {
        "text": "Teach me subtraction in binary",
        "userDefined": false
      }
    ],
    "isTemplate": false,
    "count": 0,
    "updated": 1544680004
  },
  {
    "id": "8f66ae75-de69-40fa-9e1c-5a9f1aeb2a52",
    "data": [
      {
        "text": "How do I subtract",
        "userDefined": false
      }
    ],
    "isTemplate": false,
    "count": 0,
    "updated": 1544680004
  },
  {
    "id": "76b39210-d78a-469f-937d-3b0e2d851564",
    "data": [
      {
        "text": "Tell me how to subtract in binary",
        "userDefined": false
      }
    ],
    "isTemplate": false,
    "count": 0,
    "updated": 1544680004
  },
  {
    "id": "eadd5a34-ba9a-4451-ac0a-c20ac6a63d79",
    "data": [
      {
        "text": "How to subtract",
        "userDefined": false
      }
    ],
    "isTemplate": false,
    "count": 0,
    "updated": 1544680004
  },
  {
    "id": "238b0922-7a5f-42fe-bd18-0fa7c9d29695",
    "data": [
      {
        "text": "Binary subtraction",
        "userDefined": false
      }
    ],
    "isTemplate": false,
    "count": 0,
    "updated": 1544680004
  },
  {
    "id": "7384bff1-bacb-456a-a965-b68109ce59a8",
    "data": [
      {
        "text": "Teach me subtraction",
        "userDefined": false
      }
    ],
    "isTemplate": false,
    "count": 0,
    "updated": 1544680004
  },
  {
    "id": "ab4c0d15-79ae-4c82-bfb8-ec4d0ea5b99e",
    "data": [
      {
        "text": "Subtraction",
        "userDefined": false
      }
    ],
    "isTemplate": false,
    "count": 0,
    "updated": 1544680004
  }
]