[
  {
    "id": "88eb60c6-b1f6-433a-bb7a-355598899367",
    "data": [
      {
        "text": "Stop quizzing please",
        "userDefined": false
      }
    ],
    "isTemplate": false,
    "count": 0,
    "updated": 1544986646
  },
  {
    "id": "4402bd54-461c-4058-9880-c81d6fb459c3",
    "data": [
      {
        "text": "Stop quizzing",
        "userDefined": false
      }
    ],
    "isTemplate": false,
    "count": 0,
    "updated": 1544986646
  },
  {
    "id": "dbaa84d0-711e-4068-ab35-34c539155707",
    "data": [
      {
        "text": "I\u0027m good",
        "userDefined": false
      }
    ],
    "isTemplate": false,
    "count": 0,
    "updated": 1544915032
  },
  {
    "id": "c5877dd8-1b60-446f-9a7b-1a92af26f424",
    "data": [
      {
        "text": "Yeah",
        "userDefined": false
      }
    ],
    "isTemplate": false,
    "count": 0,
    "updated": 1544915032
  },
  {
    "id": "670f313f-5d08-4c7e-9beb-14a441780327",
    "data": [
      {
        "text": "Gotcha",
        "userDefined": false
      }
    ],
    "isTemplate": false,
    "count": 0,
    "updated": 1544915032
  },
  {
    "id": "acbc92b3-d28a-4aad-83e1-60bc3ba3c04f",
    "data": [
      {
        "text": "I got it",
        "userDefined": false
      }
    ],
    "isTemplate": false,
    "count": 0,
    "updated": 1544915032
  },
  {
    "id": "c64946cc-4f05-4336-8c3b-ecfd30662845",
    "data": [
      {
        "text": "I understand",
        "userDefined": false
      }
    ],
    "isTemplate": false,
    "count": 0,
    "updated": 1544915032
  },
  {
    "id": "d7ca18ec-2151-41e6-a789-d60423f25f9b",
    "data": [
      {
        "text": "I get it",
        "userDefined": false
      }
    ],
    "isTemplate": false,
    "count": 0,
    "updated": 1544915032
  },
  {
    "id": "8a200877-60dc-48e8-824e-470179e25172",
    "data": [
      {
        "text": "Yep",
        "userDefined": false
      }
    ],
    "isTemplate": false,
    "count": 0,
    "updated": 1544915032
  },
  {
    "id": "f98a809f-16c2-4eb1-b59c-199b6cce8cc0",
    "data": [
      {
        "text": "Yes",
        "userDefined": false
      }
    ],
    "isTemplate": false,
    "count": 0,
    "updated": 1544915032
  }
]