[
  {
    "id": "fe25ecd2-0b1b-4b21-bfb2-dc79d1477344",
    "data": [
      {
        "text": "Is it true that ",
        "userDefined": false
      },
      {
        "text": "20",
        "alias": "number",
        "meta": "@sys.number",
        "userDefined": true
      },
      {
        "text": " in binary is ",
        "userDefined": false
      },
      {
        "text": "10100",
        "alias": "number1",
        "meta": "@sys.number",
        "userDefined": false
      },
      {
        "text": "?",
        "userDefined": false
      }
    ],
    "isTemplate": false,
    "count": 0,
    "updated": 1544984884
  },
  {
    "id": "5b7fb804-7b63-47e3-b3d1-d663df27db1f",
    "data": [
      {
        "text": "I think ",
        "userDefined": false
      },
      {
        "text": "1000",
        "alias": "number",
        "meta": "@sys.number",
        "userDefined": false
      },
      {
        "text": " in decimal is ",
        "userDefined": false
      },
      {
        "text": "8",
        "alias": "number1",
        "meta": "@sys.number",
        "userDefined": false
      },
      {
        "text": ".",
        "userDefined": false
      }
    ],
    "isTemplate": false,
    "count": 0,
    "updated": 1544984884
  },
  {
    "id": "0b54ca0b-f3c1-49b3-aed4-6e1e45b87c8c",
    "data": [
      {
        "text": "6",
        "alias": "number",
        "meta": "@sys.number",
        "userDefined": false
      },
      {
        "text": " in binary is ",
        "userDefined": false
      },
      {
        "text": "110",
        "alias": "number1",
        "meta": "@sys.number",
        "userDefined": false
      },
      {
        "text": ".",
        "userDefined": false
      }
    ],
    "isTemplate": false,
    "count": 0,
    "updated": 1544984884
  },
  {
    "id": "e8892f14-d113-4953-a923-b7dfe33e5cb9",
    "data": [
      {
        "text": "100",
        "alias": "number",
        "meta": "@sys.number",
        "userDefined": false
      },
      {
        "text": " in decimal is ",
        "userDefined": false
      },
      {
        "text": "4",
        "alias": "number1",
        "meta": "@sys.number",
        "userDefined": false
      },
      {
        "text": ".",
        "userDefined": false
      }
    ],
    "isTemplate": false,
    "count": 0,
    "updated": 1544984884
  },
  {
    "id": "52dcea2e-9d7b-4979-9b4a-9524fd7c0b98",
    "data": [
      {
        "text": "The decimal version of ",
        "userDefined": false
      },
      {
        "text": "1001",
        "alias": "number",
        "meta": "@sys.number",
        "userDefined": false
      },
      {
        "text": " is ",
        "userDefined": false
      },
      {
        "text": "9",
        "alias": "number1",
        "meta": "@sys.number",
        "userDefined": false
      },
      {
        "text": ".",
        "userDefined": false
      }
    ],
    "isTemplate": false,
    "count": 0,
    "updated": 1544984884
  },
  {
    "id": "294b9b8a-25c7-425c-9ea8-8ffd66278b12",
    "data": [
      {
        "text": "The binary version of ",
        "userDefined": false
      },
      {
        "text": "13",
        "alias": "number",
        "meta": "@sys.number",
        "userDefined": false
      },
      {
        "text": " is ",
        "userDefined": false
      },
      {
        "text": "1010",
        "alias": "number1",
        "meta": "@sys.number",
        "userDefined": false
      },
      {
        "text": ".",
        "userDefined": false
      }
    ],
    "isTemplate": false,
    "count": 0,
    "updated": 1544984884
  },
  {
    "id": "78b4b0e4-5f8f-496b-ba65-4a000e9319af",
    "data": [
      {
        "text": "4",
        "alias": "number",
        "meta": "@sys.number",
        "userDefined": false
      },
      {
        "text": " is ",
        "userDefined": false
      },
      {
        "text": "100",
        "alias": "number1",
        "meta": "@sys.number",
        "userDefined": true
      },
      {
        "text": " in binary.",
        "userDefined": false
      }
    ],
    "isTemplate": false,
    "count": 0,
    "updated": 1544984884
  },
  {
    "id": "188d74ac-6c55-4f3a-aee9-c3d8a0bacc58",
    "data": [
      {
        "text": "11",
        "alias": "number",
        "meta": "@sys.number",
        "userDefined": false
      },
      {
        "text": " is ",
        "userDefined": false
      },
      {
        "text": "3",
        "alias": "number1",
        "meta": "@sys.number",
        "userDefined": false
      },
      {
        "text": " in decimal.",
        "userDefined": false
      }
    ],
    "isTemplate": false,
    "count": 0,
    "updated": 1544984884
  }
]