[
  {
    "id": "ee09c1bc-53b4-42a8-a34c-37c57de36eae",
    "data": [
      {
        "text": "67",
        "alias": "number",
        "meta": "@sys.number",
        "userDefined": false
      },
      {
        "text": " plus ",
        "userDefined": false
      },
      {
        "text": "18",
        "alias": "number1",
        "meta": "@sys.number",
        "userDefined": false
      },
      {
        "text": " equals ",
        "userDefined": false
      },
      {
        "text": "85",
        "alias": "number2",
        "meta": "@sys.number",
        "userDefined": false
      },
      {
        "text": ".",
        "userDefined": false
      }
    ],
    "isTemplate": false,
    "count": 0,
    "updated": 1544991700
  },
  {
    "id": "156e704f-8c79-4b6a-93db-a7f01d858863",
    "data": [
      {
        "text": "I think ",
        "userDefined": false
      },
      {
        "text": "38",
        "alias": "number",
        "meta": "@sys.number",
        "userDefined": false
      },
      {
        "text": " + ",
        "userDefined": false
      },
      {
        "text": "65",
        "alias": "number1",
        "meta": "@sys.number",
        "userDefined": false
      },
      {
        "text": " \u003d ",
        "userDefined": false
      },
      {
        "text": "103",
        "alias": "number2",
        "meta": "@sys.number",
        "userDefined": false
      },
      {
        "text": ".",
        "userDefined": false
      }
    ],
    "isTemplate": false,
    "count": 0,
    "updated": 1544991700
  },
  {
    "id": "dd730d78-3da7-41fc-b1be-6e407b5f1a61",
    "data": [
      {
        "text": "The sum of ",
        "userDefined": false
      },
      {
        "text": "38",
        "alias": "number",
        "meta": "@sys.number",
        "userDefined": false
      },
      {
        "text": " and ",
        "userDefined": false
      },
      {
        "text": "19",
        "alias": "number1",
        "meta": "@sys.number",
        "userDefined": false
      },
      {
        "text": " is ",
        "userDefined": false
      },
      {
        "text": "57",
        "alias": "number2",
        "meta": "@sys.number",
        "userDefined": false
      },
      {
        "text": ".",
        "userDefined": false
      }
    ],
    "isTemplate": false,
    "count": 0,
    "updated": 1544991700
  },
  {
    "id": "d389d481-8b78-432b-8f27-41108f9c6e3d",
    "data": [
      {
        "text": "I think that ",
        "userDefined": false
      },
      {
        "text": "27",
        "alias": "number",
        "meta": "@sys.number",
        "userDefined": false
      },
      {
        "text": " plus ",
        "userDefined": false
      },
      {
        "text": "33",
        "alias": "number1",
        "meta": "@sys.number",
        "userDefined": false
      },
      {
        "text": " equals ",
        "userDefined": false
      },
      {
        "text": "60",
        "alias": "number2",
        "meta": "@sys.number",
        "userDefined": false
      },
      {
        "text": ".",
        "userDefined": false
      }
    ],
    "isTemplate": false,
    "count": 0,
    "updated": 1544991700
  },
  {
    "id": "27546632-fc02-4a2b-8458-6e841fd00ed1",
    "data": [
      {
        "text": "13",
        "alias": "number",
        "meta": "@sys.number",
        "userDefined": false
      },
      {
        "text": " + ",
        "userDefined": false
      },
      {
        "text": "19",
        "alias": "number1",
        "meta": "@sys.number",
        "userDefined": false
      },
      {
        "text": " \u003d ",
        "userDefined": false
      },
      {
        "text": "32",
        "alias": "number2",
        "meta": "@sys.number",
        "userDefined": false
      }
    ],
    "isTemplate": false,
    "count": 0,
    "updated": 1544991538
  }
]