[
  {
    "id": "20225061-95b3-4fa4-8a8e-ebab5ba547a5",
    "data": [
      {
        "text": "100.1010101",
        "alias": "number",
        "meta": "@sys.number",
        "userDefined": false
      }
    ],
    "isTemplate": false,
    "count": 0,
    "updated": 1545096160
  },
  {
    "id": "e4df4265-c6a8-4d8a-8983-034896db36dc",
    "data": [
      {
        "text": "Tell me what ",
        "userDefined": false
      },
      {
        "text": "0.1101",
        "alias": "number",
        "meta": "@sys.number",
        "userDefined": false
      },
      {
        "text": " is.",
        "userDefined": false
      }
    ],
    "isTemplate": false,
    "count": 0,
    "updated": 1545095927
  },
  {
    "id": "a5ea6d31-f3ef-4088-9b9e-b704cf8d9a9d",
    "data": [
      {
        "text": "What is ",
        "userDefined": false
      },
      {
        "text": "0.1",
        "alias": "number",
        "meta": "@sys.number",
        "userDefined": true
      },
      {
        "text": "?",
        "userDefined": false
      }
    ],
    "isTemplate": false,
    "count": 0,
    "updated": 1545096160
  },
  {
    "id": "aae2fd17-09ce-40b5-b855-a89a0562c1ef",
    "data": [
      {
        "text": "I think that ",
        "userDefined": false
      },
      {
        "text": "0.0101",
        "alias": "number",
        "meta": "@sys.number",
        "userDefined": true
      },
      {
        "text": " in binary is ",
        "userDefined": false
      },
      {
        "text": "seven sixteenths",
        "meta": "@sys.ignore",
        "userDefined": false
      },
      {
        "text": ".",
        "userDefined": false
      }
    ],
    "isTemplate": false,
    "count": 0,
    "updated": 1545095927
  },
  {
    "id": "1bf659b0-a1c8-46b3-a369-1429866fb218",
    "data": [
      {
        "text": "I think that ",
        "userDefined": false
      },
      {
        "text": "three fourths",
        "meta": "@sys.ignore",
        "userDefined": false
      },
      {
        "text": " in binary is ",
        "userDefined": false
      },
      {
        "text": "0.11",
        "alias": "number",
        "meta": "@sys.number",
        "userDefined": true
      },
      {
        "text": ".",
        "userDefined": false
      }
    ],
    "isTemplate": false,
    "count": 0,
    "updated": 1545095927
  },
  {
    "id": "492f368b-6744-439b-954d-1335e18b4a4f",
    "data": [
      {
        "text": "I think that ",
        "userDefined": false
      },
      {
        "text": "one eighth",
        "meta": "@sys.ignore",
        "userDefined": false
      },
      {
        "text": " in binary is ",
        "userDefined": false
      },
      {
        "text": "0.001",
        "alias": "number",
        "meta": "@sys.number",
        "userDefined": false
      },
      {
        "text": ".",
        "userDefined": false
      }
    ],
    "isTemplate": false,
    "count": 0,
    "updated": 1545095927
  },
  {
    "id": "de5f488e-c030-43a5-8a95-e901feb5eb42",
    "data": [
      {
        "text": "0.101",
        "alias": "number",
        "meta": "@sys.number",
        "userDefined": false
      },
      {
        "text": " in decimal is ",
        "userDefined": false
      },
      {
        "text": "0.625",
        "meta": "@sys.ignore",
        "userDefined": false
      },
      {
        "text": ".",
        "userDefined": false
      }
    ],
    "isTemplate": false,
    "count": 0,
    "updated": 1545095927
  },
  {
    "id": "656c14e2-3c66-4f91-8d44-7504a9b55788",
    "data": [
      {
        "text": "0.75",
        "meta": "@sys.ignore",
        "userDefined": false
      },
      {
        "text": " in binary is ",
        "userDefined": false
      },
      {
        "text": "0.11",
        "alias": "number",
        "meta": "@sys.number",
        "userDefined": false
      },
      {
        "text": ".",
        "userDefined": false
      }
    ],
    "isTemplate": false,
    "count": 0,
    "updated": 1545095927
  },
  {
    "id": "23841932-219c-4d64-b803-71028ef8f22c",
    "data": [
      {
        "text": "One half",
        "meta": "@sys.ignore",
        "userDefined": false
      },
      {
        "text": " in binary is ",
        "userDefined": false
      },
      {
        "text": "0.1",
        "alias": "number",
        "meta": "@sys.number",
        "userDefined": false
      },
      {
        "text": ".",
        "userDefined": false
      }
    ],
    "isTemplate": false,
    "count": 0,
    "updated": 1545095927
  }
]